MaxCD,TN,TP,Precip
235.616384,0.3,5,-1.318801906
2626.811594,0.241666667,5,-1.277343898
2292.5,0.483333333,12,1.259367965
68.07692308,0.265,115,-0.129475302
23.06976167,0.2,35.5,-0.06728829
639.4973732,1.394473684,70,0.865516889
1394.545,0.105,5,-0.056923788
108.143,0.245557143,5,-0.831670312
114.502,0.326857143,4.6125,-1.974356657
326.3056929,0.2706,87.89473684,0.103725993
601.0915706,0.236711111,1.26,-0.497415123
2578.67,0.2575,3.5,-0.03878591
257.745,0.3475,16.57142857,-1.660830471
1698.227697,0.247,28.42857143,0.03635673
9774.379085,0.906491667,5.1,0.621951092
1045415.452,0.843011765,61.33333333,-1.507954067
917375.0827,0.433571429,5,0.948432905
10994.24128,0.325714286,29.5,1.085762556
60069.05496,0.170055556,10.75,-0.19425344
85271.22311,0.187915,18,0.287695903
704232.1831,0.35,0.7,-1.05709823
44091.71076,0.4,39.75,-0.712478539
972.222,0.575,7.983333333,0.222917765
420.7349282,0.248,6.658823529,0.593448712
83.49056604,0.21,2,0.471665813
29.764,0.8375,31.57142857,-1.386171169
139.159,0.95355,7.555555556,1.484795883
146.573,1.71488,88.83333333,1.961562974
302.762,0.375809091,10,1.269732467
191.4613492,0.490545455,189.25,0.787783124
552.4608854,0.397608333,5,0.14000175
64.136,0.335262222,15,0.570128582
132.533,0.25,7.826086957,-0.50112147
13.79170856,0.661428571,4.74,-1.616273557
76266.22853,0.36,63.5,1.452624989
60547.5,0.506617647,14.44285714,0.241569821
1941.515231,0.726666667,10.375,-0.411909302
176731.359,0.17875,51.38,0.591727577
92429.93049,0.387,8.090909091,0.611800314
155995.7426,0.514333333,27.81818182,-0.663933674
498213.5361,1.007730769,3.5,-1.188055156
31378.60082,0.489,58.11111111,-0.264709227
38864.583,0.841758242,11,-0.012684855
22185.28261,1.626171429,35.55555556,0.344163813
2707.215,1.147533333,21.3,-1.600661428
2683.963,0.8762,117.4705882,0.593957881
757.781,0.634764706,21.73333333,0.063145487
945.903,0.633666667,126.8333333,-0.503351774
2500.96,0.2625,20.4,1.207291529
839.3938824,0.475,23.95833333,-0.188878885
20303.36,0.46,24,-0.969485346
5245.662,0.089137931,58.22307692,-0.550188161
2843.533116,0.273571429,18,-1.944128271
3073.90099,0.352,19.96923077,-1.01409143
657995.6813,0.204142857,38.7,0.573885143
8628.26087,0.776555556,30.33333333,-0.171036451
324212.0997,0.352,63.13333333,-0.023836376
49067.80509,0.711666667,25.88235294,0.234878909
377326.7758,1.456275,47.08333333,3.198953158
295307.0432,1.24195,9,0.821448907
225231.611,0.3755,56.66666667,0.346394117
58280.79853,0.555385714,11.4,0.544891189
5445,0.575957143,53.33333333,0.038612141
370.1709402,0.44,15.35714286,0.75900039
1692.200455,0.48,26.71428571,-0.569722352
1604.503,0.5,31.06666667,-0.244218161
1348.852,0.67,7.9,-0.09730919
2535.232,0.728333333,2.633333333,0.182105912
920.808,0.467,11.63333333,-0.702228483
3917.822222,2.0608,35.725,0.029435805
1050.765,0.867875,3.166666667,0.300209203
4073.008,1.605,27.875,-0.20100964
4473.888386,0.892843333,21.57142857,-0.26150157
22251.92308,0.5917,47.14285714,-0.869301431
62844.43571,0.63328,54.33333333,1.129812805
28325,0.559753846,22,-0.013772716
64114.16667,1.7,61.25,-1.89766423
407748.2217,1.087,8,1.942132999
227854.0905,2.025,45,1.515808926
396775.3921,4.977272727,89.4,-1.935111615
1385836.296,1.476,23.875,0.291567499
556079.4857,3.135,11,1.253677232
804.5454545,0.6838,17.39,-0.883704271
5170.012886,2.299828571,11.9,-0.728153596
7035,1.356,13.26666667,-0.512110991
6236.275801,3.316666667,34.9,-0.287426682
11692.21154,4.10130719,53.86666667,-0.993165858
7772.803,3.826315789,43.53846154,-0.45449963
5688.136,4.076344086,16.33333333,-0.267262706
2575.822,6.18375,9.727272727,-0.777123253
15219.801,1.154,10.375,-0.091548054
32694.11765,5.732142857,12.5,-0.09730919
21128,3.6575,19.7,2.109205947
15301.742,2.517375,97.54545455,0.179225344
28953.244,2.375461538,24.26,1.028992923
34295.92233,3.240230769,36.33333333,1.921969023
167641.6365,1.780263333,27,-0.489453164
235323.1306,0.979831933,42.8,-1.10844189
4254997.492,0.733333333,62.4,0.794890485
572033.0739,0.916666667,70.6,-0.456996826
388149.478,1.181878558,5,-1.495599632
1029118.961,1.102777778,20.82352941,1.467200337
3328178.788,0.79604902,27.36842105,-0.470906685
1240727.963,0.453571429,63,-0.876610906
13476.08025,1.222808333,59.20588235,-0.104613731
30787.038,0.647,23.54166667,-0.855746118
34748.23529,1.381333333,37.5,2.211377793
2326.771978,1.866293103,136.4285714,1.14031865
4794.17,1.161436782,52.16666667,-0.948478511
5979.875,1.405331266,3.48,1.307236958
31717.196,2.229708571,53,0.690566542
15482.02,2.253951852,24.46153846,-1.433005266
1770.359667,0.921954545,46.30769231,0.889941188
3647.2,1.785381818,71.66666667,0.58392429
1678.488,1.553578,26.21428571,1.035994707
1801.876,0.4,110.8333333,-0.039701056
5751.529412,0.85,67.55555556,-0.9693433
24493.30033,1.15,103.5384615,-0.099977112
128912.5,0.64,52.88888889,0.488873586
3824455.915,0.671428571,60,-0.5450926
38359.43023,0.324,14.85,-1.082940481
202880.1138,1.642777778,26.75,-1.069030622
901215.3846,0.6115,111.2238095,-0.804743301
1388807.68,0.45,102,-0.463951756
239695.5131,0.911,300,0.412369362
919.059526,0.72834,96.205,2.016639767
2333.333333,0.538166667,105.3448276,0.352093306
12461.42,0.531785714,81.41935484,-0.076794013
2968.553459,0.502666667,58.75428571,-1.017230964
759.8681319,0.35,72.07407407,-1.137890979
128.028,1.42,82.36363636,0.385106549
471.904,0.6,165.6818182,1.151967981
438.2,0.225,140.2,-1.363123008
134.106,0.55,5,-0.877801613
11475.52,0.279,50,-0.169929522
1347.089655,1.580588235,7.333333333,-1.438200351
171.36,0.766285714,7.2,1.066165304
2919.039,0.418583333,44.28571429,0.390469217
1351.500395,0.652,9.166666667,-0.419293554
1876.329412,0.921111111,30,0.521854567
64353.19767,0.641,42.4,-0.403205552
1033383.816,0.561027273,51.11111111,1.444233352
51249.42043,0.268833333,13.75,0.331479876
96946.64206,0.481578947,8.742857143,-1.435519018
85879.14149,0.842857143,11.24,-0.156522853
67562.87171,0.652173913,8.1,0.044577172
396553.1624,0.85,49,-0.352260212
3916.854923,2.1175,74.33333333,1.736498723
13888.89,0.8765,4.571428571,-1.137890979
4962.197802,0.469,78,-0.727646927
12206.3625,0.767,16.5,1.942961416
4442.318,1.277571429,50,-0.384436216
11731.923,0.513571429,5,0.146467852
7776.971,0.57575,70,-1.103033642
16434.30749,1.314,15,-0.202105526
16380,1.880857143,46.66666667,-0.489008229
30861.6,2.125,7.4,2.028764094
18324.358,0.925942857,48.58235294,0.082115844
2260.852269,0.60632,30.75714286,0.237633197
59671.32673,1.414285714,14.125,1.304804001
505107.5269,1.1,18.5,0.248355629
536722.4889,2.4,3.888888889,-1.235155328
483738.446,1.2,72.55555556,1.090907148
1316.435644,1.125,25.90909091,-1.534958936
638834.2697,1.198,19.33333333,-1.266169494
564399.5716,1.233,39.78947368,0.126883477
1088526.572,1.6189,49.64285714,-0.656224223
748579.7263,1.04425,75.73432692,-0.516660474
12803359.05,1.605,120.75,-1.361796507
4147082.788,0.94925,21.06666667,0.788519026
20524.69136,2.008,156.1290323,-0.521829502
6600,1.150542174,52.06896552,0.997864649
2733.265306,1.4,310.2857143,-0.793203457
2063.886792,4.3,264.5714286,-1.493606714
2475.168,3.7,63.85714286,0.413764516
2563.088,2.2,35,-0.26596263
7629.742,0.942,21.2,2.336642829
35664.31353,2.366,39.85714286,0.41634903
59756.48,9.037857143,56.14285714,1.737035613
11043.835,2.26,58.71428571,-0.175504644
1387.525,2.6325,88.4,-1.436747409
3967.84466,1.8758,18.57142857,-0.816464082
29452.5,0.864,34,1.01854076
86698.18182,2.026577419,17.5,0.571419862
37539.89362,2.42,90,-0.860400818
27643.22917,1.45,28,-0.240117491
451558.9888,1.9,44,0.23543306
260796.2127,3.7,43.42857143,0.480961876
108254.6455,2.199090909,154.3,1.42689395
364758.6235,1.147916667,46,0.760089374
1024964.819,0.682,35.8,0.049348062
1205822.308,1.354333333,35.8,0.475792849
9727.21496,6.885333333,2,0.384658594
3960,2.05,35.57142857,-1.264982279
111.372549,0.905,69.7826087,-0.275759814
1669.627096,1.687333333,23.5,1.905026076
249.67,1.461,50,-0.722596098
570.07,1.183477778,27,1.964042189
6799.605,1.5265,13.33333333,-0.143676132
1917.391043,8.5,30,-0.756319591
84588,1.55,20,0.280677823
717.381,9.3,52,0.421192378
883.247,5.05,83.57142857,-0.323534762
560.7692308,2.942,24,1.629617549
31234.81719,1.6915,9.625,-0.39379204
39573.33333,1.531428571,35.75,0.870838953
33559.7825,14.79966667,4.4,0.772478765
111857.3589,1.505666667,49.5,-1.60221721
109762.7841,4.43,43.16129032,1.188401847
195654.5089,3.6585,75.83333333,0.148594142
67577.59926,3.301555556,5,-0.773181337
874298.8564,5.46,70,-0.362878838
448948.6678,3.754285714,22.33333333,-0.922126765
1079339.37,3.95,183.7272727,-1.470133529
1608.73875,4.316666667,28.25,-0.576460961
5452.794805,3.86,42.5,-0.896834146
63250,6.1,40,-1.057020738
21549.32039,3.9,42,-1.06264132
12258.135,2.822857143,159.8666667,-1.079503067
30342.857,3.502,32,0.395899758
8693.747,11.269,34,1.236176795
9307.581,3.661111111,27.33333333,0.859597789
6123.428857,4.2125,59.71428571,0.741565563
17704.61538,1.878,59.11111111,0.884890408
9512.533,2.7075,93.125,-1.372123559
16813.907,1.9592,164,-0.712320748
11295.46371,0.93925,65,-0.028847881
53000.64,4.705714286,39,1.355850395
48001.92308,1.9965,5,-1.280402092
854128.4877,0.8,80,-0.188620759
942997.7186,1.666666667,346,-1.966833716
778850.8167,0.7,206.7142857,0.450470753
1811909.479,0.817647059,557.0555556,-0.253713413
1118997.485,1,190,-0.153115675
7774.504302,0.9,106.5,1.385437965
28703.704,1.065,121,0.648707472
612.6741573,1.67125,169.8333333,-1.307030905
17563.84615,0.901,215,0.491893351
34547.745,3.630769231,97,0.471182052
43475.785,1.32625,398.4285714,1.397272993
191.488,1.9125,9,0.382419342
8326.463,1.958,85,-0.629475552
26612.44311,1.0837,69.4,-0.487455216
15608.49231,0.64025,5,0.030327259
71148,0.6573,20,-0.969732607
65517.241,0.774,134.2857143,-0.457867646
67449.65035,5.4,56.34,-0.747825832
277333.3333,4.6,118.6,0.290697875
8714723.769,3.466666667,94.55555556,-0.922392495
2393493.383,2.8,98.75,-1.505267624
186984.4145,5.15,31.4,0.497810865
2614925.205,2.677142857,114.175,0.616161145
5940343.671,1.519678571,30.2,1.852921571
403.283,4.015,68.75,0.086543642
2.4,13.37833333,23,1.2522939
14461.806,7.853333333,158.75,1.773035132
6745,1.555,5,-0.627332968
3094.871795,4.534285714,5,-1.081976681
15475.476,2.74,13.66666667,-0.725294873
33817.727,1.179161111,99.88888889,-0.162641881
25032.467,1.874555556,25.33333333,0.457783517
41737.144,4.411818182,188,-0.250556411
123446.4,2.431818182,10.3,-0.617285593
7556.266667,,5.833333333,-0.255580098
2038.461,,16.25,-0.210366911
15802.906,,1.925,-0.778043591
146969.1795,,23.89230769,1.246502444
15428.57143,,30.5,1.181194508
63199.07407,,10.25,-1.619511236
2823423.83,,7.7,0.54067436
787281.252,,21.41666667,2.231145181
572727.246,,12,-1.458753238
463459.0851,,30.8,0.510532235
1394779.657,,45.4,0.131243834
9499.843945,,24,-0.0948221
268000,,50,-0.562025032
9716.170213,,89.66666667,-1.458753238
7148.076923,,5,-0.677569842
25791.43,,5,1.083232603
29638.469,,15,-0.02700232
5543.999,,130,0.143803053
8894.007,,75,-1.235199147
14217.38227,,1025,0.518067766
31371.54639,,162,-0.536906594
57073,,207.3333333,2.48735324
53024.791,,104.0714286,0.837071918
90806.58538,,34.23809524,-0.077239194
55698.82353,,114,1.08825629
261051.7544,,19.55555556,1.490562332
4195412.249,,78.55555556,-0.183181635
463806.649,,45.22727273,-0.338936244
393856.4813,,111.9090909,-0.08428982
2982220.061,,,-0.751809571
5320729.42,,,0.5461455
1668.705282,,,-0.786421706
51040,,,0.963963417
33826.66667,,,-1.288297666
13406.43564,,,0.345889574
42653.388,,,1.235915908
31645.454,,,0.617842065
39080.459,,,-1.938511349
10765.44,,,-0.28207345
15729.99867,,,-0.600999553
42471.28713,,,-1.570139339
43400,,,0.504116478
50321.046,,,0.036852653
45240.00814,,,-0.091706706
47229.52295,,,0.734039948
195379.7753,,,-1.177044375
164772.7273,,,-0.957010087
526985.2288,,,1.458422492
344742.0876,,,-0.178237044
418561.6716,,,-1.47866441
2705109.375,,,-1.028706652
1136676.019,,,1.540008239
3303.433642,,,-0.11642966
29900,,,1.574620374
2119.417476,,,1.527646762
3243.665158,,,-0.101595888
3942.695,,,0.378029414
6094.848,,,-1.393285729
4604.377,,,0.323043668
4341.068953,,,0.462533336
4484.808081,,,-0.304659839
8238.4,,,-1.860272879
1878.71,,,0.301816979
8392.28143,,,-0.459311428
30293.23827,,,-1.302314206
152738.4021,,,0.183554
91747.44318,,,-0.222785469
529262.6106,,,-0.765582221
104429.5487,,,0.39885327
483904.8125,,,-1.299281822
2200424.042,,,1.166046446
1413638.838,,,1.059913003
1209.01203,,,-0.11968441
6024.564677,,,-0.195494012
11316.873,,,-0.250076926
2733.283358,,,0.881002341
1807.919799,,,0.380658966
2092.932,,,-0.923266194
4364.95,,,0.11684155
2345.639,,,1.905948164
1113.21,,,-1.793560429
362.4772,,,0.165359695
10180.8,,,-0.926298578
7298.15,,,1.460187703
14670.89,,,-0.562412487
21055.51785,,,2.151571276
43463.00654,,,1.123593068
38449.81132,,,-0.140911098
12167.83854,,,0.438274263
242895,,,-0.283198246
111482.918,,,-0.385295468
36262.20615,,,0.745066631
618491.5233,,,0.188393683
2158500,,,0.95169196
701070.1674,,,1.4038368
124.2934,,,0.426620534
7673.611111,,,-0.84230208
5311.214,,,-0.570042822
12890.78014,,,0.8034079
1616.709957,,,-0.696448906
382.321,,,0.796115241
860.441,,,-0.762082834
1194.297,,,-0.779099038
3939.6,,,-1.082959817
34053.47143,,,-1.780624166
3079.999,,,0.188393683
616.001,,,0.404742558
1776.923077,,,-1.189918811
30082.0915,,,-1.080528931
22885.05747,,,-1.491348704
219448.2768,,,-1.170471721
79974.4898,,,0.572473708
342017.6829,,,-0.69401802
165649.2721,,,0.769375493
435063.9447,,,-0.380433696
331181.9113,,,0.88119626
1959184.651,,,-0.4679456
605694.7475,,,2.63629612
895.668986,,,1.143731973
3895.888594,,,1.087821589
14186.667,,,0.657554726
480.4285714,,,-0.636743991
520.2242991,,,-0.849473713
1258.55,,,0.655049538
1980.187,,,1.348733414
675.087,,,-1.953201836
70699,,,0.0816042
115935.5844,,,0.42073854
29925,,,0.019943411
15481.984,,,0.550226197
15534.32395,,,0.235756173
20304.15842,,,1.453556756
5256.038647,,,-0.112627285
1006869.905,,,-1.336593946
268574.2574,,,0.901692694
72415.59267,,,0.389908145
63277.49113,,,-1.216355408
371566.4715,,,2.261313091
927482.6372,,,-1.136196382
1210355.765,,,-1.432168169
,,,0.895526615
,,,-0.584332321
,,,0.346745593
,,,-0.223616705
,,,0.318998238
,,,-0.716903017
,,,-1.253351881
,,,0.605720907
,,,-0.716903017
,,,1.20383056
,,,-0.951214015
,,,1.305570862
,,,0.124766753
,,,1.736480095
,,,-1.306719171
,,,0.507340267
,,,0.820016188
,,,-1.242027601
,,,0.66637371
,,,1.399544835
,,,-1.233941155
,,,-0.794577576
,,,-0.595111903
,,,-0.748754381
,,,0.868534866
,,,-0.010192292
,,,1.121910181
,,,1.661006597
,,,-1.212377299
,,,0.442648698
,,,0.113799884
,,,0.755324619
,,,-0.63015317
,,,-0.508856476
,,,1.739175577
,,,0.286310737
,,,0.528904124
,,,-1.298632725
,,,-1.702955037
,,,-0.506160994
,,,-1.155772175
,,,0.369870681
,,,-0.023669702
,,,-0.713713114
,,,0.66637371
,,,1.555043325
,,,-1.027994397
,,,0.601504027
,,,0.295651799
,,,-0.244087426
,,,0.496126368
,,,1.768368828
,,,-0.395728447
,,,-0.979160848
,,,-0.506246479
,,,0.280230678
,,,0.295651799
,,,-0.254368174
,,,0.843101585
,,,0.974181111
,,,-0.66559806
,,,0.190274141
,,,-0.45741293
,,,1.629578742
,,,-0.303201723
,,,-0.699010488
,,,2.282406186
,,,0.046343681
,,,-0.213245185
,,,-1.320995691
,,,-2.726887863
,,,-1.151363363
,,,-0.447132183
,,,-0.282640228
,,,0.619495334
,,,-0.035902297
,,,-0.166981823
,,,-0.075374377
,,,-1.423439947
,,,-0.244983934
,,,0.028153534
,,,-1.346344694
,,,-0.441026149
,,,0.435657016
,,,-0.189915896
,,,-1.178937858
,,,0.158114104
,,,0.464292395
,,,1.255069421
,,,-1.148099757
,,,0.933472079
,,,0.530374041
,,,-1.222992289
,,,1.929102206
,,,1.57226132
,,,-0.850732352
,,,-0.377147225
,,,0.054586193
,,,-0.352917288
,,,-0.899192225
,,,0.523765876
,,,-1.480710707
,,,-0.863948681
,,,-0.260402985
,,,-0.269213871
,,,2.294753978
,,,1.204406826
,,,0.043572585
,,,1.197798661
,,,1.047707914
,,,-1.315841693
,,,-0.189679821
,,,0.821283834
,,,-0.477675362
,,,-0.106260424
,,,0.408159197
,,,0.479661538
,,,-0.777587959
,,,-0.378366555
,,,-0.207555407
,,,3.343727533
,,,-1.540279597
,,,-0.366449498
,,,-0.757726198
,,,-1.64157458
,,,0.974219397
,,,0.404186845
,,,-0.725947379
,,,-0.269126867
,,,0.237348049
,,,-0.644514158
,,,-0.612735339
,,,0.652458862
,,,0.110232776
,,,-0.807380601
,,,-0.580956521
,,,-0.527329765
,,,1.637602228
,,,-0.227417168
,,,0.980177925
,,,1.057638795
,,,-0.41600828
,,,-0.202046469
,,,0.077749745
,,,-0.673859693
,,,-0.972857608
,,,1.106412296
,,,-0.042946662
,,,-1.258140022
,,,-0.588823589
,,,0.341087358
,,,-0.106037965
,,,0.113410046
,,,-1.000288609
,,,-0.40503588
,,,0.299940856
,,,-0.712263095
,,,1.1832191
,,,-0.555906387
,,,1.054293393
,,,-0.333715276
,,,-1.395295029
,,,-1.260883122
,,,0.925367687
,,,-0.045689762
,,,-1.074352313
,,,-0.177358568
,,,2.157019649
,,,-0.522989186
,,,1.926599237
,,,2.409384861
,,,-0.747923397
,,,0.897936686
,,,0.750870017
,,,-1.48427794
,,,0.176416103
,,,1.014596586
,,,-1.348497924
,,,-0.44764974
,,,0.87881657
,,,0.139859944
,,,-1.343275616
,,,0.43230921
,,,0.816148871
,,,1.659551663
,,,-0.337981266
,,,-0.102977392
,,,0.450587289
,,,-1.45294409
,,,0.980651582
,,,0.925817345
,,,-0.865434405
,,,0.069358782
,,,-0.07686585
,,,-1.272774453
,,,-0.80537786
,,,1.00415197
,,,-0.956824801
,,,-1.2074956
,,,0.10591494
,,,-0.951602492
,,,2.072114019
,,,-0.852378634
,,,0.635979234
,,,1.393213939
,,,-1.293260668
,,,-0.693891628
,,,-0.230426034
,,,0.84983212
,,,-0.794948036
,,,-0.728738666
,,,-1.707940411
,,,0.023957338
,,,-0.066644959
,,,-0.118915514
,,,0.626811082
,,,0.438637081
,,,-1.014484371
,,,-0.927366778
,,,1.550257568
,,,-1.261898335
,,,2.613092203
,,,-0.122400218
,,,-0.132854329
,,,-0.495263516
,,,-1.112056075
,,,-0.157247255
,,,1.017097899
,,,0.72786749
,,,-0.031797921
,,,-1.383862965
,,,0.309703043
,,,-0.22694133
,,,1.309813011
,,,1.696615124
,,,0.574540526
,,,0.762714527
